Date,Open,High,Low,Close,Volume,Adj Close
2009/12/31,213.130005,213.349997,210.559999,210.730003,88102700,27.302085
2009/12/30,208.83,212.000006,208.310001,211.639997,103021100,27.419983
2009/12/29,212.629993,212.719995,208.729998,209.100006,111301400,27.090903
2009/12/28,211.719999,213.949997,209.610004,211.609997,161141400,27.416096
2009/12/24,203.549999,209.349998,203.349995,209.040005,125222300,27.083129
2009/12/23,201.199999,202.379999,200.810003,202.100006,86381400,26.183986
2009/12/22,199.439999,200.850004,198.659994,200.360006,87378900,25.958552
2009/12/21,196.050001,199.750006,195.670006,198.229998,152976600,25.682589
2009/12/18,193.170002,195.500002,192.600002,195.43,152192600,25.319823
2009/12/17,194.26,195.000004,191.000006,191.859999,97209700,24.857295
2009/12/16,195.100006,196.499998,194.549994,195.030005,88246200,25.268
2009/12/15,195.829996,197.509995,193.270004,194.169998,104864900,25.156578
2009/12/14,195.369999,197.430006,192.560001,196.979996,123947600,25.52064
2009/12/11,197.780001,198.000006,193.429995,194.669996,107443700,25.221357
2009/12/10,199.5,199.700005,196.120003,196.429996,122417400,25.449382
2009/12/9,191.279999,198.159996,190.310003,197.800001,171195500,25.626879
2009/12/8,189.359995,192.349997,188.700006,189.870007,172599700,24.599473
2009/12/7,193.320005,193.770002,188.680006,188.949999,178689700,24.480277
2009/12/4,199.700005,199.879995,190.280003,193.320005,206721200,25.046453
2009/12/3,197.420006,198.980001,196.270006,196.479998,112179900,25.45586
2009/12/2,198.960001,201.420004,195.749994,196.230005,178815000,25.423471
2009/12/1,202.239996,202.769995,196.830006,196.969995,116440800,25.519344
2009/11/30,201.109997,201.679996,198.769997,199.909996,106214500,25.900249
2009/11/27,199.219994,202.959999,198.370001,200.589998,73814300,25.98835
2009/11/25,205.400002,205.649994,203.760004,204.190001,71613500,26.454765
2009/11/24,205.33,205.879999,202.899998,204.440006,79609600,26.487155
2009/11/23,203,206.000002,202.949999,205.879999,118724200,26.67372
2009/11/20,199.150005,200.389994,197.76,199.919996,101666600,25.901545
2009/11/19,204.609997,204.609997,199.799994,200.509996,135581600,25.977985
2009/11/18,206.540001,206.999998,203.999996,205.960001,93580200,26.684085
2009/11/17,206.080004,207.439995,205.000006,206.999998,99128400,26.818827
2009/11/16,205.480003,207.999994,205.010006,206.630003,121301600,26.77089
2009/11/13,202.869997,204.830002,202.070005,204.450006,85810200,26.488451
2009/11/12,203.140003,204.870003,201.430004,201.990004,90932800,26.169734
2009/11/11,204.559996,205.000006,201.83,203.250006,110967500,26.332979
2009/11/10,201.019995,204.980005,201.009995,202.98,100298800,26.297998
2009/11/9,196.939995,201.900002,196.260006,201.460005,132213900,26.101068
2009/11/6,192.51,195.189995,192.399998,194.340002,73774400,25.178603
2009/11/5,192.399998,195.000004,191.819998,194.029995,96200300,25.138439
2009/11/4,190.73,193.850004,190.230001,190.810001,121882600,24.721258
2009/11/3,187.85,189.519999,185.919996,188.749994,130635400,24.454365
2009/11/2,189.800005,192.879995,185.570002,189.309994,169745800,24.526918
2009/10/30,196.060001,196.800005,188.169994,188.500002,179381300,24.421976
2009/10/29,195.000004,196.810005,192.140005,196.349995,142567600,25.439017
2009/10/28,197.709999,198.020006,191.099995,192.399998,204596700,24.927257
2009/10/27,201.659996,202.809996,196.449997,197.370005,189137900,25.571169
2009/10/26,203.670002,206.750006,200.1,202.480001,121084600,26.233218
2009/10/23,205.699995,205.799997,203.230005,203.939995,105196700,26.422374
2009/10/22,204.699999,207.850004,202.510002,205.199997,197848000,26.585619
2009/10/21,199.52,208.709997,199.229994,204.920004,298431700,26.549344
2009/10/20,200.599998,201.749998,197.850002,198.759996,285259800,25.751256
2009/10/19,187.85,189.999996,185.550001,189.860006,235557700,24.598177
2009/10/16,189.349995,190.360004,187.84,188.050005,107856700,24.363674
2009/10/15,189.630001,190.920004,189.529999,190.559996,93389100,24.688867
2009/10/14,192.249994,192.319996,190.230001,191.289999,93877700,24.783446
2009/10/13,190.629997,191.169996,189.700003,190.019997,87005100,24.618905
2009/10/12,191.020006,191.510004,189.640001,190.810001,72006200,24.721258
2009/10/9,188.969999,190.699999,188.620005,190.469994,73318000,24.677207
2009/10/8,190.659998,191.450003,188.889997,189.270006,109552800,24.521737
2009/10/7,189.760004,190.549995,189.030001,190.250002,116417000,24.648705
2009/10/6,187.739998,190.009996,187.300001,190.009996,151271400,24.61761
2009/10/5,186.200003,186.860004,184.269999,186.019999,105783300,24.100667
2009/10/2,181.41,185.939997,181.349998,184.9,138327000,23.955561
2009/10/1,185.349997,186.220003,180.699997,180.860001,131177900,23.43214
2009/9/30,186.130001,186.449995,182.610001,185.349997,134896300,24.013862
2009/9/29,186.730001,187.400003,184.309999,185.379997,86346400,24.017749
2009/9/28,183.870003,186.68,183.330004,186.150002,84361200,24.117511
2009/9/25,182.01,185.5,181.440001,182.369995,111309800,23.627775
2009/9/24,187.199999,187.699997,182.770004,183.820002,137720100,23.815637
2009/9/23,185.399998,188.899998,185.030003,185.5,148390900,24.033297
2009/9/22,185.190006,185.379997,182.850006,184.480003,89188400,23.901146
2009/9/21,184.289999,185.160006,181.620005,184.020006,109428900,23.841549
2009/9/18,185.829994,186.549997,184.759996,185.020002,150395700,23.971108
2009/9/17,181.98,186.790003,181.969999,184.550005,202643000,23.910216
2009/9/16,177.990002,182.750004,177.879999,181.869997,188505800,23.562995
2009/9/15,174.040005,175.650002,173.589994,175.160004,106617700,22.693651
2009/9/14,170.829998,173.900002,170.249998,173.719997,80502800,22.507085
2009/9/11,172.910006,173.179998,170.869999,172.160002,87240300,22.304973
2009/9/10,172.059999,173.25,170.809998,172.559998,122783500,22.356796
2009/9/9,172.780003,174.470001,169.699999,171.140005,202771800,22.172822
2009/9/8,172.979994,173.139997,171.999998,172.930006,78761900,22.404734
2009/9/4,167.279997,170.699995,167.090006,170.309999,93657200,22.065287
2009/9/3,166.440004,167.100006,164.999998,166.549994,73488800,21.578142
2009/9/2,164.620003,167.610004,164.110004,165.180002,91062300,21.400647
2009/9/1,167.99,170.000006,164.939997,165.300005,117257000,21.416194
2009/8/31,168.160004,168.850006,166.500006,168.210005,77834400,21.793213
2009/8/28,172.270004,172.489996,168.529999,170.049994,113425200,22.031601
2009/8/27,168.750004,169.569996,164.829994,169.450006,112295400,21.953867
2009/8/26,168.919994,169.549995,166.759998,167.41,75999700,21.689564
2009/8/25,169.459993,170.940001,169.129999,169.400005,81088700,21.947389
2009/8/24,170.119995,170.709995,168.270006,169.059998,101732400,21.903337
2009/8/21,167.650005,169.370005,166.799999,169.220001,104018600,21.924067
2009/8/20,164.979998,166.719997,164.610003,166.330002,85507800,21.54964
2009/8/19,162.75,165.300005,162.450006,164.600002,103317900,21.325502
2009/8/18,161.630001,164.239994,161.409996,164.000002,107788100,21.247767
2009/8/17,163.550005,163.590006,159.420004,159.589994,131095300,20.676408
2009/8/14,167.939999,168.230005,165.529997,166.779999,76454000,21.607942
2009/8/13,166.649996,168.670002,166.500006,168.419996,109995200,21.820419
2009/8/12,162.549995,166.709997,162.459993,165.310005,111267800,21.41749
2009/8/11,163.689995,164.379997,161.879993,162.830002,88835600,21.096182
2009/8/10,165.66,166.599995,163.659994,164.720005,75073600,21.34105
2009/8/7,165.489996,166.599995,164.799994,165.509996,96838700,21.443401
2009/8/6,165.579998,166.510006,163.089994,163.91,85404200,21.236106
2009/8/5,165.750002,167.389999,164.209993,165.110001,105795900,21.391578
2009/8/4,164.929996,165.569998,164.209993,165.549997,98952700,21.448583
2009/8/3,165.210003,166.639996,164.869995,166.430004,98560000,21.562597
2009/7/31,162.990005,164.999998,162.910004,163.390001,105634200,21.168735
2009/7/30,161.700003,164.720005,161.499998,162.790001,117401200,21.090999
2009/7/29,158.900005,160.450001,158.250004,160.030005,95539500,20.733416
2009/7/28,158.880005,160.100006,157.600002,160.000004,90888700,20.729529
2009/7/27,160.169994,160.879997,157.259995,160.100006,108327800,20.742485
2009/7/24,156.950001,160.000004,156.500004,159.990004,109590600,20.728233
2009/7/23,156.629993,158.439995,155.559996,157.819994,131740700,20.447088
2009/7/22,157.790007,158.730001,156.109995,156.739996,218526000,20.307163
2009/7/21,153.289997,153.43,149.749996,151.509996,218695400,19.629567
2009/7/20,153.269997,155.039997,150.889996,152.910002,183881600,19.810951
2009/7/17,149.079994,152.019995,148.629997,151.750002,150538500,19.660662
2009/7/16,145.759998,148.019997,145.569994,147.519999,98392700,19.112625
2009/7/15,145.039995,147,144.320005,146.879997,121396800,19.029706
2009/7/14,142.030006,143.180006,141.16,142.269999,86811900,18.432437
2009/7/13,139.540003,142.34,137.529997,142.34,120875300,18.441507
2009/7/10,136.339996,138.970003,136.319996,138.520006,111318900,17.94659
2009/7/9,137.760002,137.989994,135.93,136.359997,85756300,17.66674
2009/7/8,135.92,138.039995,134.420006,137.220003,143982300,17.778162
2009/7/7,138.480005,139.680006,135.179996,135.400002,115399200,17.542363
2009/7/6,138.699997,138.990004,136.249994,138.609995,124672100,17.958249
2009/7/2,141.250002,142.829998,139.789995,140.02,92619800,18.140928
2009/7/1,143.5,144.66,142.520004,142.829998,103544700,18.50499
2009/6/30,142.580006,143.799994,141.800001,142.430002,108556000,18.453167
2009/6/29,143.459999,143.949997,141.539995,141.970005,141904000,18.39357
2009/6/26,139.789995,143.560001,139.739994,142.440002,109846100,18.454463
2009/6/25,135.749996,140.200005,135.209997,139.859997,147361900,18.120198
2009/6/24,135.420002,137.499996,134.860003,136.219994,121381400,17.648601
2009/6/23,136.399998,136.949997,132.879997,134.009996,176633100,17.362275
2009/6/22,140.670002,141.559996,136.329996,137.370007,158728500,17.797596
2009/6/19,138.069996,139.500002,136.899996,139.480001,180464200,18.070966
2009/6/18,136.110004,137.999994,135.590006,135.879999,106920100,17.604552
2009/6/17,136.670004,137.449995,134.529995,135.580006,142853200,17.565685
2009/6/16,136.660004,138.470005,136.100004,136.349997,128701300,17.665444
2009/6/15,136.010002,136.929996,134.890003,136.090004,134937600,17.63176
2009/6/12,138.809999,139.100006,136.040003,136.969997,140771400,17.745771
2009/6/11,139.550003,141.559996,138.549994,139.949999,131205900,18.131859
2009/6/10,142.279999,142.35,138.300001,140.250006,172155900,18.170728
2009/6/9,143.809994,144.559998,140.549999,142.719995,169241100,18.490739
2009/6/8,143.819994,144.230003,139.43,143.849995,232913100,18.637141
2009/6/5,145.310001,146.4,143.209993,144.67,158179000,18.74338
2009/6/4,140.130003,144.180002,140.040001,143.740005,137658500,18.622891
2009/6/3,140,141.109999,139.070005,140.949995,141299900,18.261418
2009/6/2,138.990004,141.340004,138.350002,139.490002,114055900,18.072262
2009/6/1,136.469999,139.99,136.000002,139.349998,113124900,18.054123
2009/5/29,135.390001,135.9,133.850006,135.809998,114133600,17.595482
2009/5/28,133.449997,135.390001,132.030005,135.069994,121888200,17.499608
2009/5/27,131.779999,134.980005,130.910006,133.050001,161605500,17.237898
2009/5/26,124.759998,130.830004,124.549994,130.780003,159231800,16.943798
2009/5/22,124.049995,124.179998,121.749996,122.5,74499600,15.871045
2009/5/21,125.149994,126.780005,122.889996,124.179998,101986500,16.088705
2009/5/20,127.629997,129.209993,125.299997,125.869997,97146000,16.30766
2009/5/19,126.820005,129.309996,125.739994,127.450006,93105600,16.512366
2009/5/18,123.730001,126.700003,121.570005,126.650002,114710400,16.408717
2009/5/15,122.319996,124.619995,121.610006,122.419998,91891800,15.86068
2009/5/14,119.780005,123.529997,119.700003,122.949997,111956600,15.929346
2009/5/13,123.210003,124.019995,119.379995,119.489998,148992900,15.48107
2009/5/12,129.560001,129.710005,123.250004,124.420004,152370400,16.1198
2009/5/11,127.370005,130.959993,127.119999,129.570002,101164700,16.787031
2009/5/8,129.040003,131.23,126.260006,129.190006,116991000,16.737799
2009/5/7,132.329998,132.389999,127.900003,129.060003,132944000,16.720956
2009/5/6,133.329994,133.499998,130.220003,132.500002,118384700,17.166641
2009/5/5,131.749998,132.859997,131.119997,132.709993,99563800,17.193847
2009/5/4,128.239998,132.249996,127.679998,132.070005,152339600,17.110931
2009/5/1,125.799995,127.950005,125.799995,127.240002,99379000,16.485157
2009/4/30,126.220005,126.999996,124.920002,125.829996,124622400,16.302478
2009/4/29,124.85,126.850006,123.830004,125.139994,114527700,16.213081
2009/4/28,123.350006,126.210005,123.260004,123.900005,113964200,16.052429
2009/4/27,122.899996,125.000004,122.660004,124.729998,120172500,16.159962
2009/4/24,124.639996,125.139994,122.969997,123.900005,135191000,16.052429
2009/4/23,126.620001,127.200001,123.509996,125.4,236289200,16.246768
2009/4/22,122.630003,125.349998,121.199997,121.510004,234691800,15.742782
2009/4/21,118.889997,122.140005,118.600004,121.759996,117671400,15.77517
2009/4/20,121.729996,122.989998,119.160004,120.499994,116616500,15.611925
2009/4/17,121.179996,124.25,120.250002,123.419994,124373900,15.990239
2009/4/16,119.190004,123.150002,118.789995,121.450003,148361500,15.735008
2009/4/15,117.199999,118.249996,115.760006,117.639996,103220600,15.241385
2009/4/14,119.57,120.17,117.25,118.309998,113655500,15.32819
2009/4/13,120.009996,120.980005,119,120.220001,97309100,15.575649
2009/4/9,118.42,119.999996,117.960003,119.57,132689200,15.491435
2009/4/8,115.429998,116.790003,114.580006,116.320005,113907500,15.070368
2009/4/7,116.529997,116.67,114.189997,115.000002,134145200,14.899349
2009/4/6,114.940001,118.749994,113.280003,118.450001,164516100,15.346329
2009/4/3,114.189997,116.130001,113.519995,115.989998,159060300,15.027612
2009/4/2,110.139997,114.749996,109.780003,112.710003,203091700,14.602657
2009/4/1,104.089999,108.999998,103.890001,108.689998,147343000,14.081827
2009/3/31,105.449997,107.450003,105,105.120003,142520000,13.6193
2009/3/30,104.510002,105.01,102.609999,104.490002,125699000,13.537678
2009/3/27,108.23,108.530001,106.399999,106.850002,123218200,13.843438
2009/3/26,107.829998,109.98,107.579999,109.869998,154063000,14.234708
2009/3/25,107.579999,108.359997,103.860001,106.490001,161654500,13.796797
2009/3/24,106.359998,109.440001,105.390002,106.500001,160153000,13.798092
2009/3/23,102.710001,108.159999,101.749999,107.660001,166599300,13.948381
2009/3/20,102.09,103.109997,100.569999,101.590002,173896800,13.161955
2009/3/19,101.850001,103.199999,100.249998,101.620003,125045200,13.165842
2009/3/18,99.909997,103.479999,99.719999,101.52,199009300,13.152886
2009/3/17,95.239997,99.689999,95.07,99.659998,196661500,12.911905
2009/3/16,96.53,97.389999,94.179999,95.420001,199311000,12.362572
2009/3/13,96.300001,97.200002,95.009998,95.929999,150292100,12.428648
2009/3/12,92.899997,96.580001,92.000003,96.350002,192114300,12.483063
2009/3/11,89.809999,94.069997,89.580001,92.679998,211593200,12.007579
2009/3/10,84.87,89.169998,84.360002,88.629999,211064700,11.482863
2009/3/9,84.179997,87.600002,82.570001,83.11,174574400,10.767694
2009/3/6,88.339999,88.400001,82.330002,85.300003,252786800,11.05143
2009/3/5,90.460001,91.87,88.450002,88.839997,176724800,11.51007
2009/3/4,90.180001,92.77,89.449998,91.169997,185350900,11.811944
2009/3/3,88.929999,90.740001,87.880002,88.37,181085100,11.449178
2009/3/2,88.120001,91.199998,87.669997,87.939997,192732400,11.393466
2009/2/27,87.930003,91.3,87.669997,89.310001,176664600,11.570964
2009/2/26,92.000003,92.919997,88.96,89.189999,157467100,11.555416
2009/2/25,89.860001,92.919997,89.25,91.159997,208263300,11.810648
2009/2/24,87.449999,90.889997,87.000002,90.250003,201776400,11.69275
2009/2/23,91.650002,92.000003,86.509997,86.950001,196745500,11.265203
2009/2/20,89.399997,92.399999,89.000001,91.199998,187579000,11.815831
2009/2/19,93.370001,94.250001,90.11,90.639998,230701100,11.743277
2009/2/18,95.049999,95.849998,92.719999,94.369997,171194800,12.226534
2009/2/17,96.870001,97.039998,94.280002,94.530001,169559600,12.247264
2009/2/13,98.990003,99.939998,98.120003,99.16,152244400,12.847125
2009/2/12,95.829997,99.75,95.829997,99.270002,204297100,12.861377
2009/2/11,96.370003,98.31,95.770002,96.82,168743400,12.543956
2009/2/10,101.330003,102.510003,97.059999,97.830003,212265200,12.674811
2009/2/9,99.999999,103.000001,99.500001,102.510003,178752700,13.28115
2009/2/6,97.019998,99.999999,96.999997,99.719999,171802400,12.919678
2009/2/5,92.77,97.250003,92.619997,96.459998,187311600,12.497314
2009/2/4,93.219997,96.25,93.100001,93.549998,202105400,12.120296
2009/2/3,91.920001,93.380001,90.279997,92.979999,149827300,12.046447
2009/2/2,89.100003,92.000003,88.899999,91.509998,139561800,11.855994
2009/1/30,92.600003,93.62,90.009997,90.13,162869700,11.677202
2009/1/29,93.090001,94.340003,92.600003,92.999999,148182300,12.049038
2009/1/28,92.119999,94.999998,91.499998,94.2,215351500,12.20451
2009/1/27,90.190001,91.549999,89.739998,90.73,154509600,11.754938
2009/1/26,88.859998,90.969999,88.299998,89.640002,173059600,11.613718
2009/1/23,86.819998,89.870001,86.499997,88.36,190942500,11.447882
2009/1/22,88.039999,89.999997,85.820002,88.36,352382100,11.447882
2009/1/21,79.390001,82.880001,79.309999,82.83,272317500,10.731418
2009/1/20,81.929999,82.000001,78.200001,78.200001,229978700,10.131557
2009/1/16,84.3,84.380002,80.399998,82.330002,261906400,10.666638
2009/1/15,80.570002,84.120003,80.050003,83.379999,457908500,10.802675
2009/1/14,86.239998,87.250001,84.720003,85.329997,255416000,11.055316
2009/1/13,88.239997,89.739998,86.35,87.709998,199599400,11.363668
2009/1/12,90.460001,90.99,87.550001,88.66,154429100,11.48675
2009/1/9,93.209997,93.380001,90.14,90.579997,136711400,11.735504
2009/1/8,90.43,93.150002,90.039998,92.699999,168375200,12.01017
2009/1/7,91.809999,92.500001,90.260003,91.01,188262200,11.791215
2009/1/6,95.95,97.170001,92.389998,93.02,322327600,12.051629
2009/1/5,93.170003,96.179998,92.709999,94.580002,295402100,12.253743
2009/1/2,85.880003,91.040001,85.16,90.750001,186503800,11.757529
2008/12/31,85.969998,87.739999,85.339997,85.349998,151885300,11.057907
2008/12/30,87.419998,88.049999,84.720003,86.289999,241900400,11.179694
2008/12/29,86.519998,87.620003,85.069998,86.61,171500000,11.221153
2008/12/26,86.64,87.419998,85.240002,85.810001,77081200,11.117505
2008/12/24,86.140002,86.249998,84.549999,85.039997,67833500,11.017744
2008/12/23,86.869999,87.870002,85.899997,86.380001,158757900,11.191354
2008/12/22,90.019998,90.029998,84.690002,85.74,211185100,11.108436
2008/12/19,89.940002,90.939999,88.800003,89.999997,200480000,11.660359
2008/12/18,89.310001,90.830003,88.440001,89.429997,214354000,11.58651
2008/12/17,91.030001,91.100002,88.019999,89.159998,323465100,11.551529
2008/12/16,93.980001,96.479999,92.75,95.430001,273376600,12.363868
2008/12/15,95.990001,96.209999,92.999999,94.749999,222939500,12.275767
2008/12/12,92.800001,99.000003,92.530002,98.27,260293600,12.731817
2008/12/11,97.349998,101.240001,94.830001,94.999998,260154300,12.308157
2008/12/10,97.869997,99.490001,96.499999,98.209998,234511900,12.724043
2008/12/9,98.040001,103.600001,97.210002,100.06,300874000,12.963729
2008/12/8,97.279997,100.799997,95.800003,99.719999,296285500,12.919678
2008/12/5,90.349998,94.49,88.859998,94.000002,260948800,12.178598
2008/12/4,94.429998,95.210003,89.060002,91.410003,272842500,11.843039
2008/12/3,89.399997,96.23,88.800003,95.899999,334670000,12.424761
2008/12/2,90.029998,92.649998,86.499997,92.47,287180600,11.980372
2008/12/1,91.3,92.270002,88.919999,88.929999,230941900,11.521731
2008/11/28,94.699998,94.759999,91.86,92.669998,74443600,12.006283
2008/11/26,89.920002,95.249997,89.85,94.999998,224959000,12.308157
2008/11/25,94.630003,94.709998,88.160002,90.800002,308823200,11.764007
2008/11/24,85.210001,94.79,84.839999,92.949998,360564400,12.04256
2008/11/21,81.929999,84.120003,79.140002,82.580001,392317800,10.699028
2008/11/20,85.240002,86.450003,80.000002,80.49,429203600,10.428248
2008/11/19,89.439998,91.58,86.209997,86.289999,292975200,11.179694
2008/11/18,89.640002,90.99,86.859999,89.910002,302423800,11.648699
2008/11/17,88.480002,90.550003,87.260001,88.140001,290631600,11.419379
2008/11/14,93.760003,93.990002,89.999997,90.240003,351316700,11.691454
2008/11/13,89.870001,96.439998,86.02,96.439998,463521800,12.494723
2008/11/12,92.429999,93.239998,90.009997,90.12,294744100,11.675907
2008/11/11,94.81,97.170001,92.260002,94.77,306134500,12.278359
2008/11/10,100.170003,100.400002,94.5,95.879998,280955500,12.42217
2008/11/7,99.240002,99.850002,95.720001,98.239999,273813400,12.72793
2008/11/6,101.050003,102.780003,98,99.099998,329768600,12.839351
2008/11/5,108.910003,109.720001,102.990001,103.300001,314113800,13.383502
2008/11/4,109.990001,111.790002,106.669998,110.989997,349670300,14.379814
2008/11/3,105.930001,109.1,104.859997,106.959998,264484500,13.857689
2008/10/31,107.400002,110.779999,105.140003,107.589999,414939000,13.939312
2008/10/30,108.23,112.190004,107.61,111.039998,409522400,14.386292
2008/10/29,100.859999,109.539997,99.939998,104.550003,487744600,13.545451
2008/10/28,95.430001,100.499997,92.369998,99.909997,408533300,12.944294
2008/10/27,95.07,97.629998,91.86,92.089998,302192800,11.931139
2008/10/24,90.329998,97.899998,90.11,96.380003,397514600,12.48695
2008/10/23,96.509999,99.250002,91.900001,98.229999,418857600,12.726635
2008/10/22,97.369999,101.250001,92.929997,96.870001,562202200,12.550434
2008/10/21,96.950003,97.899998,91.159997,91.489998,548415000,11.853403
2008/10/20,99.780001,100.03,93.64,98.439997,387292500,12.753842
2008/10/17,99.600003,102.039999,85.890003,97.4,440556900,12.6191
2008/10/16,99.77,103.429997,91.739997,101.890002,495130300,13.200823
2008/10/15,103.84,106.999999,97.889997,97.949999,396043900,12.690358
2008/10/14,116.260004,116.399994,103.139997,104.079999,495248600,13.484558
2008/10/13,104.550003,110.53,101.020002,110.26,384769000,14.285236
2008/10/10,85.699999,99.999999,85.000003,96.799999,554824900,12.541364
2008/10/9,93.35,95.800003,86.599999,88.740002,404345900,11.497115
2008/10/8,85.909997,96.330002,85.679998,89.789999,551935300,11.633152
2008/10/7,100.479997,101.5,88.95,89.159998,469693000,11.551529
2008/10/6,91.960002,98.779998,87.540001,98.140003,526854300,12.714975
2008/10/3,103.999997,106.500001,94.649997,97.069999,573599600,12.576345
2008/10/2,108.010002,108.79,99.999999,100.100001,402341100,12.968911
2008/10/1,111.919998,112.359995,107.390001,109.120001,324121000,14.137538
2008/9/30,108.250001,115.000002,106.300003,113.659998,406670600,14.725738
2008/9/29,119.620001,119.680002,100.589999,105.259999,655514300,13.637438
2008/9/26,124.910002,129.799994,122.999998,128.239998,281612800,16.614717
2008/9/25,129.799994,134.790001,128.520004,131.930002,251511400,17.092792
2008/9/24,127.270002,130.950006,125.149994,128.709995,261753800,16.675609
2008/9/23,131.85,135.799997,126.660002,126.840006,320091100,16.433334
2008/9/22,139.939999,140.250006,130.66,131.049995,214178300,16.978779
2008/9/19,142.600006,144.200003,136.309996,140.909994,357718900,18.256236
2008/9/18,130.569998,135.430002,120.679998,134.089998,419063400,17.37264
2008/9/17,138.490005,138.510006,127.830002,127.830002,300113800,16.561598
2008/9/16,133.860006,142.500004,132.149994,139.879997,299959100,18.12279
2008/9/15,142.030006,147.690002,140.359995,140.359995,230158600,18.184978
2008/9/12,150.909996,150.909996,146.500002,148.940004,198256800,19.2966
2008/9/11,148.18,152.990004,146.000004,152.649996,242783800,19.777265
2008/9/10,152.320002,154.989996,148.800001,151.609999,243285700,19.642523
2008/9/9,156.859999,159.960003,149.789997,151.68,311256400,19.651593
2008/9/8,164.570002,164.889996,151.459995,157.919996,261494800,20.460044
2008/9/5,158.589998,162.400005,157.650003,160.179995,196721000,20.752848
2008/9/4,165.860004,167.909998,160.809996,161.220005,185846500,20.887591
2008/9/3,166.84,168.680002,164.000002,166.960003,183708700,21.631263
2008/9/2,172.399994,173.500006,164.999998,166.189999,195190800,21.531502
2008/8/29,172.959993,173.500006,169.039997,169.529995,149822400,21.96423
2008/8/28,175.280006,176.250002,172.750002,173.739998,107846200,22.509676
2008/8/27,173.310001,175.760004,172.190002,174.670006,119445200,22.630168
2008/8/26,172.760002,174.879997,172.609999,173.639996,111387500,22.49672
2008/8/25,176.15,176.230001,171.660004,172.549997,121106300,22.3555
2008/8/22,175.820005,177.500004,175.57,176.790001,109902800,22.904833
2008/8/21,174.470001,175.449997,171.889996,174.289997,134936200,22.580934
2008/8/20,174.769995,176.940004,173.609995,175.840006,126737800,22.781752
2008/8/19,174.540003,177.069994,171.809994,173.530006,154051100,22.48247
2008/8/18,175.57,177.809998,173.82,175.389996,138003600,22.723449
2008/8/15,179.039999,179.750002,175.050001,175.740004,177062900,22.768796
2008/8/14,178.329996,180.450005,177.839998,179.320005,177825200,23.232619
2008/8/13,177.980001,179.999994,175.899994,179.300005,210586600,23.230028
2008/8/12,173.520006,179.290005,173.510006,176.73,209069700,22.897059
2008/8/11,170.069994,176.499994,169.669998,173.559994,222826100,22.486355
2008/8/8,163.859999,169.649998,163.749996,169.549995,178499300,21.966821
2008/8/7,162.709999,166.149998,161.499998,163.570005,168093100,21.192056
2008/8/6,159.970003,167.4,157.999998,164.190006,197852200,21.272383
2008/8/5,155.420006,160.799995,154.820005,160.640005,172092900,20.812447
2008/8/4,156.600006,157.899996,152.910002,153.229996,148131900,19.852409
2008/8/1,159.900002,159.990004,155.75,156.659994,136159800,20.296798
2008/7/31,157.540001,162.200001,156.980001,158.950006,159374600,20.593491
2008/7/30,157.780006,160.490002,156.079994,159.880001,181295800,20.713981
2008/7/29,155.410006,159.450005,153.650005,157.080004,171017700,20.351215
2008/7/28,162.340004,162.469994,154.02,154.399996,195178200,20.003994
2008/7/25,160.4,163.000006,158.65,162.119999,158409300,21.004194
2008/7/24,164.319996,165.260004,158.449995,159.029995,209904800,20.603855
2008/7/23,164.989998,168.369995,161.559999,166.26,265442100,21.540571
2008/7/22,149.000006,162.76,146.530003,162.019997,469898100,20.991238
2008/7/21,166.900002,167.500002,161.120003,166.290001,340117400,21.544458
2008/7/18,168.519999,169.649998,164.999998,165.150002,217103600,21.39676
2008/7/17,174.100006,174.98,171.389997,171.809994,189381500,22.259626
2008/7/16,170.199997,172.930006,168.6,172.810003,186947600,22.389186
2008/7/15,172.479996,173.739998,166.390003,169.639997,260010800,21.978482
2008/7/14,179.240004,179.300005,173.079996,173.880001,221513600,22.527815
2008/7/11,175.469997,177.109995,171.000002,172.579998,232502900,22.359387
2008/7/10,174.919998,177.34,171.369997,176.629997,210172200,22.884103
2008/7/9,180.199999,180.910002,174.139994,174.249996,223944000,22.575751
2008/7/8,175.399996,179.700001,172.740002,179.549997,222087600,23.262417
2008/7/7,173.159998,177.129995,171.899996,175.160004,205097900,22.693651
2008/7/3,169.589996,172.170002,165.750002,170.119995,130840500,22.04067
2008/7/2,175.200005,177.450003,168.180004,168.180004,209379800,21.789326
2008/7/1,164.229994,174.719994,164.000002,174.680006,277820200,22.631463
2008/6/30,170.189997,171.999998,166.619995,167.440001,171049200,21.693451
2008/6/27,166.510006,170.570005,164.150005,170.089994,260562400,22.036783
2008/6/26,174.070005,174.839996,168.01,168.260006,217402500,21.799691
2008/6/25,174.610004,178.829994,173.880001,177.390001,161112700,22.982569
2008/6/24,172.370007,175.780005,171.630003,173.25,155486800,22.446192
2008/6/23,174.739994,175.879993,171.560001,173.159998,161445200,22.434532
2008/6/20,179.350006,181.000004,175,175.270006,222091800,22.707903
2008/6/19,178.550001,182.339994,176.800001,180.900002,197987300,23.437323
2008/6/18,181.120007,182.200005,177.35,178.750006,202867000,23.15877
2008/6/17,178.100004,181.99,177.410002,181.43,224914200,23.505989
2008/6/16,171.299995,177.9,169.069998,176.840002,262932600,22.911311
2008/6/13,171.640003,174.159994,165.310005,172.370007,336489300,22.332181
2008/6/12,181.490002,182.6,171.200006,173.26,327083400,22.447488
2008/6/11,184.34,185.999998,179.589998,180.809999,240387700,23.425662
2008/6/10,180.510006,186.780003,179.019999,185.640003,285235300,24.051435
2008/6/9,184.789997,184.940001,175.750004,181.610004,472098200,23.529311
2008/6/6,188.000004,189.949995,185.550001,185.640003,241605700,24.051435
2008/6/5,186.340006,189.840006,185.700005,189.429996,188861400,24.542465
2008/6/4,184.020006,187.089996,183.230001,185.190006,181745900,23.993134
2008/6/3,186.860004,188.199995,182.339994,185.369997,187630100,24.016454
2008/6/2,188.600004,189.650002,184.530005,186.1,169960000,24.111032
2008/5/30,187.450005,189.539999,187.380003,188.749994,152546100,24.454365
2008/5/29,186.760002,188.199995,185.5,186.690001,161796600,24.187473
2008/5/28,187.410004,187.950003,183.719999,187.009995,185994900,24.228931
2008/5/27,182.750004,186.429995,181.839996,186.429995,197476300,24.153786
2008/5/23,180.769999,181.99,177.799997,181.169994,226729300,23.472303
2008/5/22,179.260004,181.329998,171.999998,177.049994,301683900,22.938518
2008/5/21,185.670004,187.950003,176.250002,178.190006,289414300,23.086217
2008/5/20,181.819996,186.160002,180.119997,185.899996,242462500,24.08512
2008/5/19,187.860001,188.690006,181.299997,183.599997,236455100,23.787133
2008/5/16,190.109999,190.300003,186.999994,187.619995,191442300,24.307962
2008/5/15,186.810003,189.899994,184.199997,189.730003,218302000,24.581334
2008/5/14,191.229998,192.239994,185.570002,186.260004,229205900,24.131762
2008/5/13,188.610004,191.450003,187.860001,189.959995,205809100,24.611132
2008/5/12,185.209993,188.869997,182.850006,188.159994,204640800,24.377924
2008/5/9,183.16,184.249998,181.369999,183.450006,168268100,23.7677
2008/5/8,183.77,186.499996,183.069998,185.060003,224771400,23.976291
2008/5/7,186.049999,188.199995,180.540007,182.59,289283400,23.656278
2008/5/6,184.659994,187.119997,182.180004,186.66,229717600,24.183586
2008/5/5,181.919998,185.309996,181.050005,184.729996,213639300,23.933535
2008/5/2,180.189999,181.919998,178.550001,180.940002,251520500,23.442505
2008/5/1,174.959999,179.999994,174.859997,179.999994,225894200,23.320718
2008/4/30,176.190001,179.999994,172.920006,173.950003,284881100,22.536884
2008/4/29,171.110004,175.660002,170.249998,175.050001,230869100,22.6794
2008/4/28,169.75,173.749998,169.129999,172.240004,196803600,22.315338
2008/4/25,170.699995,171.100004,166.420004,169.73,248118500,21.990143
2008/4/24,165.340006,169.980005,159.189999,168.939995,424016600,21.88779
2008/4/23,164.050003,164.839994,161.080002,162.890003,376047700,21.103956
2008/4/22,167.4,168,158.09,160.199995,359893100,20.755439
2008/4/21,162.210001,168.499998,161.760004,168.160004,259788200,21.786735
2008/4/18,159.119997,162.260002,158.379993,161.040001,256691400,20.86427
2008/4/17,154.170004,156.000006,153.349998,154.489998,176066800,20.015655
2008/4/16,151.720001,154.100002,150.620003,153.700006,198943500,19.913304
2008/4/15,149.400002,149.719995,145.719997,148.380005,174509300,19.224047
2008/4/14,146.769995,149.249998,144.539997,147.780005,211271900,19.146311
2008/4/11,152.719997,153.299997,146.4,147.140003,302519000,19.063393
2008/4/10,151.130001,155.420006,150.600002,154.549999,238940800,20.023429
2008/4/9,153.309998,153.889997,150.459999,151.439995,218349600,19.620498
2008/4/8,153.550003,156.450003,152.320002,152.84,253573600,19.801882
2008/4/7,156.129995,159.689997,155.109999,155.890003,289581600,20.197039
2008/4/4,152.189999,154.710003,150.750006,153.080006,213604300,19.832977
2008/4/3,147.060001,153.630005,147,151.609999,262892000,19.642523
2008/4/2,148.780001,151.200003,145.85,147.489998,261242100,19.108738
2008/4/1,146.299997,149.659994,143.610003,149.530005,258141800,19.37304
2008/3/31,143.269995,145.709997,142.520004,143.5,192016300,18.591796
2008/3/28,141.800001,144.65,141.599997,143.010002,178652600,18.528312
2008/3/27,144.950006,145.310001,139.99,140.250006,249957400,18.170728
2008/3/26,140.870007,145.739998,140.640001,145.059996,295521100,18.793908
2008/3/25,139.959999,143.100004,137.330006,140.979996,263097800,18.265305
2008/3/24,134.009996,140.850006,133.640001,139.530003,266730100,18.077444
2008/3/20,131.119997,133.290007,129.180006,133.270006,227196900,17.266402
2008/3/19,133.120003,134.290003,129.670004,129.670004,252634200,16.799987
2008/3/18,129.180006,133,128.669994,132.819996,301280000,17.208099
2008/3/17,122.550001,128.590006,122.550001,126.730003,268149700,16.419082
2008/3/14,129.879995,130.300005,124.199999,126.610001,289160200,16.403535
2008/3/13,124.099997,129.5,122.999998,127.940004,315525700,16.57585
2008/3/12,127.039997,128.679995,125.169994,126.030001,264907300,16.32839
2008/3/11,124.099997,127.479994,122.000002,127.350004,290985800,16.499409
2008/3/10,121.980001,123.459995,119.369995,119.690002,249897200,15.506983
2008/3/7,120.410006,122.979998,119.050001,122.249994,307615700,15.838654
2008/3/6,124.609995,127.499994,120.810001,120.930004,368424700,15.667637
2008/3/5,123.579998,125.139994,122.249994,124.490005,305459000,16.128869
2008/3/4,121.990002,124.880001,120.400005,124.619995,446345900,16.145711
2008/3/3,124.440004,125.98,118.000004,121.729996,398260800,15.771284
2008/2/29,129.289995,130.210003,124.799999,125.020004,313870200,16.197536
2008/2/28,127.200001,132.199995,125.769995,129.909996,404563600,16.831081
2008/2/27,118.229996,123.049999,118.090006,122.959997,368784500,15.930642
2008/2/26,117.639996,121.089994,115.439999,119.150003,376222000,15.437021
2008/2/25,118.590004,120.17,116.66,119.740004,314193600,15.513461
2008/2/22,122.48,122.51,115.869995,119.459997,382469500,15.477184
2008/2/21,126.050001,126.469997,120.860003,121.540005,234528700,15.746668
2008/2/20,122.200006,124.599995,121.679995,123.820004,241859800,16.042064
2008/2/19,125.99,126.750004,121.440002,122.180006,251261500,15.829587
2008/2/15,126.270006,127.079998,124.059996,124.629995,225325100,16.147006
2008/2/14,129.399998,130.800003,127.009996,127.459993,238524300,16.51366
2008/2/13,126.680002,129.780006,125.630005,129.399998,242133500,16.765006
2008/2/12,130.700001,130.999994,123.619999,124.860001,306495000,16.176806
2008/2/11,128.010006,129.979998,127.200001,129.449999,300358100,16.771484
2008/2/8,122.080004,125.700006,121.600006,125.480001,338993200,16.257133
2008/2/7,119.969995,124.779999,117.27,121.239998,520832900,15.7078
2008/2/6,130.830004,131.920002,121.769997,122.000002,393318100,15.806265
2008/2/5,130.429995,133.999996,128.9,129.359997,285260500,16.759823
2008/2/4,134.210001,135.9,131.420004,131.649996,224808500,17.056514
2008/2/1,136.239994,136.590002,132.179995,133.750004,252686000,17.32859
2008/1/31,129.449999,136.650003,129.399998,135.360001,336418600,17.537181
2008/1/30,131.370003,135.450003,129.999998,132.179995,310762900,17.125181
2008/1/29,131.149998,132.789995,129.050003,131.540007,274995700,17.042264
2008/1/28,128.159996,133.200005,126.449997,130.009998,368711000,16.844037
2008/1/25,138.990004,139.090006,129.610003,130.009998,388684800,16.844037
2008/1/24,139.99,140.700003,132.010004,135.600006,501466700,17.568276
2008/1/23,136.190006,140,126.140003,139.070005,843242400,18.017847
2008/1/22,148.059998,159.980003,146.000004,155.639997,608688500,20.164648
2008/1/18,161.710003,165.750002,159.609995,161.359995,431085900,20.905728
2008/1/17,161.509998,165.360006,158.419994,160.889997,439464900,20.844836
2008/1/16,165.230003,169.009996,156.699995,159.639996,553461300,20.682886
2008/1/15,177.719995,179.220003,164.660004,169.039997,585819500,21.900746
2008/1/14,177.520004,179.419994,175.170004,178.780006,275112600,23.162657
2008/1/11,175.999996,177.849998,170.000006,172.690001,308071400,22.373639
2008/1/10,177.580006,181.000004,175.409996,178.020002,370743800,23.064192
2008/1/9,171.299995,179.499996,168.299994,179.399994,453470500,23.242983
2008/1/8,180.139997,182.459997,170.799997,171.249994,380954000,22.187072
2008/1/7,181.249996,183.599997,170.229998,177.639994,518048300,23.014958
2008/1/4,191.450003,192.999998,178.889996,180.049995,363958000,23.327197
2008/1/3,195.41,197.390005,192.690004,194.930002,210516600,25.255044
2008/1/2,199.269995,200.260004,192.550001,194.84,269794700,25.243383
2007/12/31,199.5,200.499996,197.75,198.079994,134833300,25.663155
2007/12/28,200.589998,201.559994,196.879993,199.829994,174911800,25.889884
2007/12/27,198.950001,202.959999,197.800001,198.570005,198881900,25.726641
2007/12/26,199.010002,200.959993,196.820005,198.950001,175933100,25.775873
2007/12/24,195.030005,199.329996,194.789999,198.799997,120050700,25.756438
2007/12/21,190.119999,193.910006,189.889994,193.910006,248490200,25.122893
2007/12/20,185.429998,187.83,183.330004,187.209999,193514300,24.254843
2007/12/19,182.979996,184.639994,180.900002,183.119999,206869600,23.724945
2007/12/18,186.519997,187.330002,178.600002,182.979996,305650800,23.706806
2007/12/17,190.719999,192.650003,182.979996,184.400002,256173400,23.890781
2007/12/14,190.370005,193.200003,189.539999,190.390005,168578200,24.666844
2007/12/13,190.190001,192.120005,187.82,191.829998,216154400,24.853408
2007/12/12,193.439995,194.480005,185.760006,190.860003,306415200,24.727736
2007/12/11,194.749998,196.830006,187.390003,188.540003,277731300,24.427158
2007/12/10,193.589998,195.660006,192.690004,194.209999,180594400,25.16176
2007/12/7,190.539995,194.990004,188.040005,194.300001,266516600,25.173421
2007/12/6,186.190002,190.099998,186.120001,189.949995,224952700,24.609836
2007/12/5,182.889994,185.999998,182.409996,185.5,223100500,24.033297
2007/12/4,177.149996,180.900002,176.990005,179.810003,193449900,23.296103
2007/12/3,181.859997,184.139996,177.699995,178.859995,240367400,23.173021
2007/11/30,187.340002,187.699997,179.700001,182.220005,296950500,23.608342
2007/11/29,179.429995,185.170006,179.150002,184.289999,262731700,23.87653
2007/11/28,176.820002,180.599995,175.349995,180.219999,287728000,23.349222
2007/11/27,175.220005,175.790005,170.010006,174.809996,329257600,22.648305
2007/11/26,173.589994,177.269999,172.350006,172.539997,326438700,22.354205
2007/11/23,171.999998,172.049999,169.75,171.540001,116439400,22.224645
2007/11/21,165.840004,172.350006,164.670004,168.459997,304452400,21.825602
2007/11/20,165.67,171.790007,163.530005,168.850006,385910700,21.876131
2007/11/19,166.099997,168.200005,162.099998,163.950001,288607200,21.241288
2007/11/16,165.300005,167.020004,159.330002,166.390003,345873500,21.557414
2007/11/15,166.390003,169.589996,160.299997,164.299995,371852600,21.286634
2007/11/14,177.159996,177.570005,163.739996,166.109997,362292000,21.521137
2007/11/13,160.849997,170.980001,153.759995,169.960005,434861700,22.019942
2007/11/12,165.280005,167.700006,150.630003,153.759995,442266300,19.921076
2007/11/9,171.150005,175.120003,165.210003,165.370007,381595200,21.425264
2007/11/8,186.67,186.900005,167.769995,175.469997,472594500,22.733814
2007/11/7,190.609997,192.680004,186.130001,186.300005,248581900,24.136945
2007/11/6,187.049995,192.000002,185.269995,191.789997,238681800,24.848226
2007/11/5,185.289995,188.959999,184.239998,186.180002,201044200,24.121397
2007/11/2,189.210005,189.439997,183.489994,187.870001,250528600,24.340353
2007/11/1,188.600004,190.099998,179.999994,187.440004,201259100,24.284643
2007/10/31,187.629995,190.119999,184.950001,189.949995,208327700,24.609836
2007/10/30,186.180002,189.369995,184.729996,186.999994,234853500,24.227635
2007/10/29,185.449999,186.589998,184.699995,185.090004,135138500,23.980178
2007/10/26,185.289995,185.369997,182.879993,184.699995,176719200,23.929648
2007/10/25,184.869999,185.899996,181.660006,182.780005,243400500,23.680895
2007/10/24,185.809994,187.209999,179.240004,185.929996,322120400,24.089007
2007/10/23,188.560003,188.600004,182.760004,186.160002,448791000,24.118806
2007/10/22,170.35,174.899998,169.960005,174.359999,412374900,22.590003
2007/10/19,174.239996,174.630005,170.000006,170.420002,322945000,22.079539
2007/10/18,171.5,174.189995,171.050003,173.500006,205919000,22.478583
2007/10/17,172.690001,173.039995,169.18,172.750002,281903300,22.381413
2007/10/16,165.539997,170.179996,165.150002,169.579996,266957600,21.970708
2007/10/15,167.98,169.569996,163.500004,166.980003,269482500,21.633854
2007/10/12,163.010006,167.279997,161.800005,167.249996,247044000,21.668834
2007/10/11,169.489994,171.879995,153.209995,162.230001,410998000,21.018446
2007/10/10,167.550003,167.879997,165.599998,166.789999,166897500,21.609237
2007/10/9,170.199997,171.110004,166.679996,167.859997,276071600,21.747866
2007/10/8,163.490004,167.909998,162.970005,167.909998,208982200,21.754344
2007/10/5,158.370007,161.58,157.700005,161.449997,235867800,20.917389
2007/10/4,157.999998,158.08,153.500002,156.239998,164239600,20.242384
2007/10/3,157.780006,159.179998,157.010002,157.919996,173129600,20.460044
2007/10/2,156.550005,158.589998,155.890003,158.449995,198017400,20.52871
2007/10/1,154.630001,157.409998,152.930002,156.34,209267100,20.25534
2007/9/28,153.440001,154.6,152.749998,153.470001,153775300,19.883504
2007/9/27,153.769995,154.519999,152.320002,154.499998,164549700,20.01695
2007/9/26,154.469997,154.999996,151.250004,152.769999,243817000,19.792812
2007/9/25,146.839996,153.219995,146.819996,153.179995,298137700,19.845931
2007/9/24,146.729994,149.849998,146.650005,148.280003,263040400,19.211091
2007/9/21,141.139999,144.65,140.309994,144.150002,284720100,18.676009
2007/9/20,140.150003,141.790001,139.319998,140.309994,172960200,18.1785
2007/9/19,143.020002,143.160006,139.4,140.770004,256720100,18.238099
2007/9/18,139.060005,142.849998,137.830004,140.919994,266022400,18.257531
2007/9/17,138.990004,140.59,137.599998,138.410004,198342900,17.932338
2007/9/14,136.570002,138.980003,136.200006,138.809999,151830000,17.984161
2007/9/13,138.83,139.000004,136.650003,137.200003,164040800,17.775571
2007/9/12,135.990002,139.4,135.749996,136.849995,255692500,17.730224
2007/9/11,137.900005,138.300001,133.750004,135.490004,242971400,17.554024
2007/9/10,136.989998,138.039995,133.949995,136.710005,371959700,17.712087
2007/9/7,132.010004,132.299997,129.999998,131.769999,357644000,17.072062
2007/9/6,135.560005,137.569998,132.709993,135.010006,475315400,17.491836
2007/9/5,144.969994,145.84,136.100004,136.760006,582055600,17.718565
2007/9/4,139.939999,145.729998,139.839996,144.160002,329210700,18.677305
2007/8/31,139.490002,139.650005,137.409994,138.480005,219221800,17.941407
2007/8/30,132.670006,138.25,132.299997,136.249994,358895600,17.652488
2007/8/29,129.879995,134.18,129.540001,134.079998,291715200,17.371344
2007/8/28,130.989994,132.41,126.630001,126.820005,294841400,16.430743
2007/8/27,133.389996,134.659998,132.100006,132.249996,176859900,17.13425
2007/8/24,130.529997,135.370001,129.809994,135.299999,227958500,17.529407
2007/8/23,133.090002,133.339994,129.760006,131.069996,216709500,16.98137
2007/8/22,131.219999,132.749994,130.330006,132.510002,265441400,17.167936
2007/8/21,122.209993,128.960001,121.000006,127.569996,325761800,16.527911
2007/8/20,123.959993,124.500006,120.499994,122.219994,200829300,15.834767
2007/8/17,122.010002,123.499996,119.820005,122.060003,298765600,15.814039
2007/8/16,117.009995,118.500002,111.619998,117.049995,466672500,15.164945
2007/8/15,122.740005,124.860001,119.650002,119.899994,248213000,15.534189
2007/8/14,128.289999,128.299999,123.710001,124.029995,184751700,16.06927
2007/8/13,128.32,129.349997,126.499998,127.790001,188227900,16.556415
2007/8/10,123.120001,127.75,120.300003,125.000004,352687300,16.194944
2007/8/9,131.109997,133,125.090006,126.389996,281348900,16.375031
2007/8/8,136.760006,136.859995,132.000004,134.009996,202024200,17.362275
2007/8/7,134.940004,137.240004,132.630005,135.030006,237484100,17.494427
2007/8/6,132.899998,135.269999,128.299999,135.249998,231292600,17.522929
2007/8/3,135.259998,135.950001,131.500006,131.85,169796900,17.082427
2007/8/2,136.650003,136.959997,134.15,136.49,213161200,17.683583
2007/8/1,133.640001,135.380001,127.77,135.000006,437539200,17.49054
2007/7/31,142.970001,143.48,131.520006,131.759998,440598200,17.070766
2007/7/30,144.330006,145.450005,139.570004,141.430006,276747100,18.323608
2007/7/27,146.189995,148.920004,143.780006,143.849995,290274600,18.637141
2007/7/26,145.910002,148.499994,136.959997,146.000004,546657300,18.915695
2007/7/25,137.350006,138.360003,135.000006,137.260004,374045700,17.783344
2007/7/24,138.880001,140.999996,134.15,134.890003,448823200,17.476288
2007/7/23,143.309996,145.219999,140.929995,143.700005,259122500,18.617708
2007/7/20,141.649998,144.180002,140,143.750006,291943400,18.624186
2007/7/19,140.299994,140.810005,139.650005,140,183222900,18.138337
2007/7/18,138.189999,138.440004,136.040003,138.119997,189214200,17.894765
2007/7/17,138.300001,139.600004,137.499996,138.910002,177489900,17.997117
2007/7/16,138.390003,139.98,137.499996,138.099997,234028200,17.892174
2007/7/13,135.030006,137.850004,134.519995,137.730001,226901500,17.844237
2007/7/12,133.850006,134.240002,132.389999,134.069998,176152200,17.370049
2007/7/11,132.070005,133.700003,131.310001,132.389999,205443000,17.152389
2007/7/10,128.879999,134.499994,128.809998,132.349998,313751900,17.147206
2007/7/9,132.379999,132.899998,129.180006,130.330006,248955000,16.885497
2007/7/6,133.130003,133.339994,130.399994,132.299997,218673700,17.140728
2007/7/5,128.799997,132.969999,128.689995,132.749994,363262900,17.19903
2007/7/3,122.000002,127.400005,121.500004,127.17,290620400,16.476088
2007/7/2,121.049994,122.090004,119.299994,121.259998,248715600,15.710391
2007/6/29,121.970001,123.999994,121.089994,122.040003,284460400,15.811448
2007/6/28,122.359997,122.49,119.999996,120.559996,209535900,15.619699
2007/6/27,120.609997,122.040003,119.260006,121.889999,243674200,15.792014
2007/6/26,123.979994,123.999994,118.719994,119.650002,336251300,15.5018
2007/6/25,124.189999,125.090006,121.059994,122.339996,241350900,15.850315
2007/6/22,123.850004,124.450005,122.379997,122.999998,157969000,15.935825
2007/6/21,121.699995,124.290001,120.719999,123.900005,216761300,16.052429
2007/6/20,123.870005,124.659996,121.500004,121.550005,224378000,15.747964
2007/6/19,124.689997,125.010004,122.909996,123.66,235756500,16.021334
2007/6/18,123.280005,125.179995,122.540001,125.090006,227651200,16.206605
2007/6/15,120.619997,120.669998,119.860006,120.499994,202804700,15.611925
2007/6/14,117.199999,119.449997,116.419994,118.749994,243316500,15.385196
2007/6/13,121.149996,121.189997,115.399998,117.500006,430338300,15.223248
2007/6/12,119.349995,121.709995,118.309998,120.380005,356641600,15.596379
2007/6/11,126,126.150003,119.539999,120.190001,468564600,15.571762
2007/6/8,125.819996,125.829996,122.289995,124.490005,310420600,16.128869
2007/6/7,124.990004,127.609997,123.190002,124.069996,478769900,16.074453
2007/6/6,122.299995,124.049995,121.950001,123.639999,278060300,16.018743
2007/6/5,121.410002,122.690004,120.499994,122.670004,230196400,15.893071
2007/6/4,118.630005,121.729996,117.900002,121.33,221668300,15.71946
2007/6/1,121.099995,121.189997,118.289997,118.4,221315500,15.339851
2007/5/31,120.069998,122.170006,119.539999,121.189997,324266600,15.701322
2007/5/30,114.299999,118.879997,113.529995,118.769995,369611200,15.387787
2007/5/29,114.450003,114.859999,112.690002,114.35,161423500,14.815135
2007/5/25,112,113.780001,111.500002,113.619997,158239900,14.720556
2007/5/24,112.810005,114.460003,110.370003,110.689997,221840500,14.340946
2007/5/23,114.020006,115.000002,112.59,112.889994,227843700,14.625977
2007/5/22,112.489998,113.75,112.01,113.539995,143102400,14.710191
2007/5/21,110.310001,112.449997,110.050002,111.98,159973100,14.508078
2007/5/18,110.23,110.640002,109.770002,110.020001,155336300,14.254142
2007/5/17,107.150002,109.869998,107.150002,109.440001,183822800,14.178997
2007/5/16,108.530001,108.830001,103.419997,107.34,281691900,13.906922
2007/5/15,109.569998,110.199999,106.48,107.519998,238628600,13.930243
2007/5/14,109.619999,110.000001,108.250001,109.36,162986600,14.168632
2007/5/11,107.740003,109.130001,106.780001,108.739999,163424100,14.088305
2007/5/10,106.629997,108.840001,105.920001,107.34,299314400,13.906922
2007/5/9,104.909998,106.959998,104.889997,106.880003,179439400,13.847325
2007/5/8,103.469998,105.149997,103.419997,105.060001,195999300,13.611527
2007/5/7,101.079997,104.349998,101.010002,103.920002,215389300,13.463829
2007/5/4,100.799997,101.600002,100.499997,100.809998,95496800,13.060898
2007/5/3,100.730002,101.449999,100.009999,100.400002,144019400,13.007779
2007/5/2,99.649998,100.539998,99.47,100.390001,126286300,13.006483
2007/5/1,99.590003,100.35,98.549999,99.47,133130900,12.887289
2007/4/30,100.090001,101.000002,99.669998,99.800001,154127400,12.930043
2007/4/27,98.179997,99.949998,97.69,99.919997,174850900,12.94559
2007/4/26,101.580002,102.500003,98.3,98.839999,434444500,12.805666
2007/4/25,94.23,95.400001,93.799997,95.349999,296786000,12.353503
2007/4/24,93.960001,96.390003,91.3,93.239998,263813200,12.080132
2007/4/23,91.59,93.799997,91.420003,93.509997,195072500,12.115113
2007/4/20,90.889997,91.179997,90.550003,90.969999,130694900,11.786032
2007/4/19,90.190001,91.249999,89.83,90.270003,106478400,11.695341
2007/4/18,90.160001,90.850003,89.600001,90.4,116011000,11.712183
2007/4/17,92.000003,92.300003,89.699997,90.349998,187980100,11.705705
2007/4/16,90.569997,91.499998,90.250003,91.430003,152258400,11.84563
2007/4/13,90.899998,91.400002,90.059999,90.240003,179985400,11.691454
2007/4/12,92.039997,92.310003,90.72,92.190001,164168900,11.944095
2007/4/11,93.9,93.950001,92.329997,92.590003,137254600,11.995919
2007/4/10,93.670001,94.260001,93.410002,94.250001,88116700,12.210988
2007/4/9,95.210003,95.299998,93.04,93.650001,103335400,12.133252
2007/4/5,94.119998,94.679997,93.519998,94.679997,88879000,12.266698
2007/4/4,94.939997,95.140001,94.129998,94.270001,119196000,12.213579
2007/4/3,94.139998,95.229997,93.760003,94.5,145983600,12.243378
2007/4/2,94.139998,94.250001,93.02,93.650001,125498100,12.133252
2007/3/30,94.280002,94.679997,92.75,92.909997,150139500,12.037377
2007/3/29,94.19,94.19,92.230001,93.750003,181430900,12.146208
2007/3/28,94.880002,95.400001,93.150002,93.239998,235584300,12.080132
2007/3/27,95.710001,96.83,94.999998,95.460002,233013200,12.367755
2007/3/26,93.990002,95.899999,93.299999,95.849998,216246800,12.418283
2007/3/23,93.35,94.069997,93.299999,93.519998,112721000,12.116409
2007/3/22,93.730002,94.359997,92.999999,93.960001,140373100,12.173416
2007/3/21,91.990003,94.000002,91.650002,93.869999,171724000,12.161755
2007/3/20,91.350001,91.839999,91.060001,91.479998,122229100,11.852107
2007/3/19,90.240003,91.549999,89.590001,91.130003,178240300,11.806762
2007/3/16,89.54,89.989997,89.320002,89.590001,142926000,11.60724
2007/3/15,89.960003,90.359999,89.310001,89.570001,139874700,11.604649
2007/3/14,88.599998,89.999997,87.920003,89.999997,199146500,11.660359
2007/3/13,89.409997,90.599998,88.400001,88.400001,216972700,11.453064
2007/3/12,88.07,89.989997,87.989998,89.870001,182352100,11.643517
2007/3/9,88.800003,88.849998,87.399998,87.969997,112959000,11.397353
2007/3/8,88.589998,88.720001,87.459999,87.999998,127752800,11.40124
2007/3/7,88.049999,88.97,87.449999,87.719998,156571100,11.364964
2007/3/6,87.8,88.309999,87.399998,88.190002,180796700,11.425857
2007/3/5,85.890003,88.65,85.76,86.32,209724900,11.18358
2007/3/2,86.770003,87.540001,85.210001,85.409999,215000100,11.065681
2007/3/1,84.030001,88.309999,83.750001,87.060003,353882200,11.279455
2007/2/28,82.999997,85.600003,82.999997,84.610001,229868800,10.962034
2007/2/27,86.299999,87.079997,83.41,83.929998,286453300,10.873933
2007/2/26,89.84,89.999997,87.610003,88.510003,153962200,11.467316
2007/2/23,89.159998,90.339998,88.849998,89.070003,129473400,11.53987
2007/2/22,90.800002,90.810002,88.529997,89.509999,209556200,11.596875
2007/2/21,85.979999,89.489999,85.959998,89.199999,288828400,11.556712
2007/2/20,84.650002,86.160003,84.159997,85.899997,154425600,11.129165
2007/2/16,85.250002,85.409999,84.660002,84.829999,99967000,10.990537
2007/2/15,85.44,85.619997,84.779998,85.210001,90915300,11.039769
2007/2/14,84.630001,85.639997,84.57,85.300003,126995400,11.05143
2007/2/13,85.16,85.290003,84.3,84.700003,145246500,10.973694
2007/2/12,84.430003,85.18,83.629998,84.88,181017900,10.997015
2007/2/9,85.880003,86.199997,83.210002,83.270003,215135200,10.788424
2007/2/8,85.429999,86.509997,85.409999,86.180003,169757700,11.165443
2007/2/7,84.479998,86.380001,83.550003,86.150002,266706300,11.161556
2007/2/6,84.449997,84.469997,82.860001,84.149997,216098400,10.902436
2007/2/5,84.3,85.230001,83.939999,83.939999,144713100,10.875229
2007/2/2,84.120003,85.250002,83.7,84.749997,155382500,10.980172
2007/2/1,86.229998,86.269999,84.739997,84.739997,166085500,10.978876
2007/1/31,84.86,85.999999,84.350001,85.73,214017300,11.10714
2007/1/30,86.430002,86.489997,85.250002,85.550002,144492600,11.08382
2007/1/29,86.299999,86.650001,85.530002,85.939998,225416100,11.134348
2007/1/26,87.109998,87.369997,84.990003,85.379998,246718500,11.061794
2007/1/25,87.109998,88.500003,86.03,86.249998,226493400,11.174511
2007/1/24,86.680001,87.149999,86.080001,86.700002,231953400,11.232813
2007/1/23,85.73,87.51,85.510001,85.699999,301856100,11.103253
2007/1/22,89.139997,89.159998,85.649998,86.789997,363506500,11.244473
2007/1/19,88.629999,89.650002,88.120001,88.500003,341118400,11.466021
2007/1/18,92.099998,92.109999,89.050002,89.070003,591151400,11.53987
2007/1/17,97.560003,97.599998,94.820001,94.949997,411565000,12.301679
2007/1/16,95.68,97.250003,95.450002,97.099999,311019100,12.580232
2007/1/12,94.590002,95.059999,93.229998,94.620003,328172600,12.258925
2007/1/11,95.94,96.779999,95.1,95.800003,360063200,12.411805
2007/1/10,94.749999,97.800002,93.450003,96.999997,738220000,12.567276
2007/1/9,86.450003,92.979999,85.15,92.570003,837324600,11.993328
2007/1/8,85.959998,86.529998,85.280003,85.47,199276700,11.073455
2007/1/5,85.77,86.199997,84.400002,85.049997,208685400,11.019039
2007/1/4,84.050001,85.949998,83.820003,85.659998,211815100,11.098071
2007/1/3,86.289999,86.579999,81.899999,83.800002,309579900,10.857091
